{"cameraMode":{"drawMode":0,"name":"Shaded","section":"Shading Mode"},"sceneLighting":true,"audioPlay":false,"sceneViewState":{"m_AlwaysRefresh":false,"showFog":true,"showSkybox":true,"showFlares":true,"showImageEffects":true,"showParticleSystems":true,"showVisualEffectGraphs":true,"m_FxEnabled":true},"in2DMode":false,"pivot":{"x":492.64044189453127,"y":117.48526000976563,"z":575.6563110351563},"rotation":{"x":-0.2466583549976349,"y":0.18050095438957215,"z":-0.047074973583221439,"w":-0.9510543942451477},"size":59.09881591796875,"orthographic":false}